{"chunk_definitions":[{"chunk_id":"c5n6mg44ws7xj","chunk_label":"Packahe Declarations","document_id":"1A69CDC","expansion_state":0,"options":{"echo":false,"engine":"r","label":"Packahe Declarations","message":false,"warning":false},"row":12,"row_count":1,"visible":true},{"chunk_id":"ccnntkf4oclns","chunk_label":"unnamed-chunk-1","document_id":"1A69CDC","expansion_state":0,"options":{"engine":"r","label":"unnamed-chunk-1"},"row":21,"row_count":1,"visible":true},{"chunk_id":"c21f4ng03u6gm","chunk_label":"unnamed-chunk-3","document_id":"1A69CDC","expansion_state":0,"options":{"engine":"r","label":"unnamed-chunk-6"},"row":82,"row_count":1,"visible":true}],"chunk_rendered_width":603,"doc_write_time":1555343147}