{"chunk_definitions":[{"chunk_id":"c5n6mg44ws7xj","chunk_label":"Packahe Declarations","document_id":"1A69CDC","expansion_state":0,"options":{"echo":false,"engine":"r","label":"Packahe Declarations","message":false,"warning":false},"row":15,"row_count":1,"visible":true},{"chunk_id":"cp3yg18czpt73","chunk_label":"unnamed-chunk-1","document_id":"1A69CDC","expansion_state":0,"options":{"engine":"r","label":"unnamed-chunk-1","message":false,"paged.print":false,"warning":false},"row":24,"row_count":1,"visible":true},{"chunk_id":"cwxsrdbg9w3b9","chunk_label":"unnamed-chunk-2","document_id":"1A69CDC","expansion_state":0,"options":{"engine":"r","label":"unnamed-chunk-3"},"row":36,"row_count":1,"visible":true},{"chunk_id":"calltuqjscwli","chunk_label":"unnamed-chunk-3","document_id":"1A69CDC","expansion_state":0,"options":{"engine":"r","label":"unnamed-chunk-1"},"row":80,"row_count":1,"visible":true},{"chunk_id":"c21f4ng03u6gm","chunk_label":"unnamed-chunk-4","document_id":"1A69CDC","expansion_state":0,"options":{"engine":"r","label":"unnamed-chunk-6"},"row":140,"row_count":1,"visible":true}],"chunk_rendered_width":596,"doc_write_time":1555515424}