{"chunk_definitions":[{"chunk_id":"c5n6mg44ws7xj","chunk_label":"Packahe Declarations","document_id":"1A69CDC","expansion_state":0,"options":{"echo":false,"engine":"r","label":"Packahe Declarations","message":false,"warning":false},"row":13,"row_count":1,"visible":true},{"chunk_id":"cp3yg18czpt73","chunk_label":"unnamed-chunk-1","document_id":"1A69CDC","expansion_state":0,"options":{"engine":"r","label":"unnamed-chunk-2","message":false,"paged.print":false,"warning":false},"row":22,"row_count":1,"visible":true},{"chunk_id":"cwxsrdbg9w3b9","chunk_label":"unnamed-chunk-2","document_id":"1A69CDC","expansion_state":0,"options":{"engine":"r","label":"unnamed-chunk-4"},"row":34,"row_count":1,"visible":true},{"chunk_id":"calltuqjscwli","chunk_label":"unnamed-chunk-3","document_id":"1A69CDC","expansion_state":0,"options":{"engine":"r","label":"unnamed-chunk-2"},"row":78,"row_count":1,"visible":true}],"doc_write_time":1555515993}